mot,définition(s) belge(s),origine_wallonne,existe_sens_standard
abaisser,Se baisser.,non,oui
abiye,Grouille ! Dépêche-toi ! ( note : il existe la variante abèye),non,non
académique,Universitaire. | Relatif à un retard toléré.,non,oui
accisien,"Relatif aux accises, aux impôts indirects sur certains produits de consommation. | Agent aux accises, aux impôts indirects sur certains produits de consommation.",non,non
accisienne,"Femme employée aux accises, aux impôts indirects sur certains produits de consommation.",non,oui
accroche-pied,Croche-pied.,non,non
adduire,"Guider, élever (en particulier des pigeons).",non,oui
affin,Variante de affine.,non,oui
affond,"Fait de boire un verre d’un trait, en particulier un verre de bière. | Concours estudiantin remporté par la personne qui boit son verre cul sec le plus rapidement.",non,non
affonner,Boire un verre (généralement de bière) d’une seule traite.,non,non
afonner,Boire un verre de bière cul sec (en une seule fois).,non,non
agréation,"Action d’agréer, de donner un agrément.",non,non
ainsi,Comme ça.,non,oui
ajoute,"Annexe, supplément, quelque chose que l’on rajoute après coup.",non,oui
alloux,"Dans les régions belges, les tribunaux allodiaux ont encore été actifs jusqu’au début du.  DEF à préciser",non,oui
amigo,"Prison, cachot.",non,oui
amiteux,"Affectueux, aimable, doux, caressant.",non,oui
amitieux,"Affectueux, aimable, doux, caressant. Qui fait montre d'une affection candide et naturelle. Se dit des animaux de compagnie et des jeunes enfants.",non,oui
amphi,"Amphithéâtre, dans l’enseignement supérieur. Salle de cours magistral.",non,non
américain,"Filet américain, steak tartare.",non,oui
apertintaille,"Sorte de ceinture rembourrée, faite en lin et laine rouge et jaune, munie de six à neuf clochettes de taille variées portée par les gilles de Binche. Les plus grosses clochettes se trouvent au centre.",non,non
aphoner,"Boire d’une seule traite le contenu d'un verre, d'une canette, etc.",non,non
apostille,Instruction écrite d’enquête judiciaire envoyée par le parquet ou un juge d’instruction à la police (par exemple à un apostilleur) ou à un autre service d’enquête.,non,oui
apostilleur,Policier qui traite les apostilles en provenance des parquets et des juges d’instruction.,non,oui
apostilleuse,Policière qui traite les apostilles en provenance des parquets et des juges d’instruction.,non,oui
apparitorat,Bureau chargé des affaires étudiantes dans une université.,non,non
apprentier,& Apprenti.,non,non
apprentière,& Apprentie.,non,non
approprier,"Nettoyer, rendre propre.",non,oui
apèrtintaille,Variante orthographique de apertintaille.,non,non
armeur,Personne chargée de placer des éperons de métal ou de cuir dur sur les ergots des coqs de combat.,non,oui
arsouille,Enfant espiègle.,non,oui
athénée,Établissement public d’enseignement secondaire officiel.,non,oui
attache-tout,"Trombone, dans le sens de fil métallique replié et destiné à joindre des feuilles de papier.",non,non
aubette,"Kiosque, petit magasin",non,oui
auditoire,Grande salle de cours à l’université ; amphithéâtre.,non,oui
auflette,"Petite gaufre que l'on confectionne plus spécialement à la période de Noël, elle est généralement de forme circulaire.",non,non
augmenté,Majoré.,non,oui
auto-scooter,Auto tamponneuse.,non,non
autopompe,Camion de pompier équipé d’une pompe d’incendie et éventuellement d’une réserve d’eau.,non,oui
avaleuse,Dispositif permettant le chargement automatique des pages dans une photocopieuse.,non,oui
avaloir,Bouche d’égout. | Égouts.,non,oui
avance,"Avantage, intérêt.",non,oui
avant-midi,Partie de la journée allant du matin à midi.,non,non
avisance,"Sagesse, sapience, prudence, finesse. | Nom d'une spécialité namuroise, consistant en de la chair à saucisse cuite dans un fourreau de pâte feuilletée, servie chaude.",non,non
babeler,Bavarder.,non,non
babelute,Friandise (souvent en forme de longue sucette) très sucrée à base de miel et de beurre que l'on vend principalement sur la côte belge.,non,non
babelutte,"Sorte de caramel long aromatisé au miel ou à la vergeoise. | Pipelette, babelleir.",non,oui
bac,Casier de bières. | Poubelle.,non,oui
baccalauréat,"Premier grade universitaire, qui s’effectue en trois ans. | Le terme s’applique également aux études supérieures de type court proposées par les Hautes Écoles de Belgique. Ce type d’études s’appelait autrefois graduat.",non,oui
bachelier,Diplôme de l’enseignement supérieur universitaire sanctionnant la réussite d’un premier cycle.,non,oui
bacnure,"Bouveau, galerie faite à travers les bancs de roches perpendiculairement au puits de la mine.",non,non
baes,Maître. | Patron de café.,non,non
baesine,Maîtresse. | Patronne de café.,non,non
bagnole,Voiture ; automobile.,non,oui
baguette,Tout objet long et fin de matière quelconque.; Pain long et croustillant.,non,oui
baise,"Baiser, bisou.",non,oui
baiser,"Sorte de meringue double, spécialité de la ville belge de Malmedy, en Wallonie.",non,oui
balance,Note non satisfaisante mais qui n’entraîne pas d’échec.,non,oui
ballekes,Boulettes.,non,non
ballottin,Petite boîte de chocolats ou autres friandises.,non,oui
baluchonneur,Aide-soignant remplaçant un aidant à domicile pour garder les malades. Ils sont en particulier utilisés pour les atteints d’Alzheimer.,non,oui
baluchonneuse,Aide-soignante remplaçant un aidant à domicile pour garder les malades. Elles sont en particulier utilisées pour les atteints d’Alzheimer.,non,oui
bandagisterie,"Magasin de matériel médical, occupée par des bandagistes, spécialisé dans la fabrication, l’adaptation et la vente de bandages.",non,non
banneresse,Officier d’un corps de métier qui en porte la bannière dans les rassemblements officiels.,non,oui
banse,"Panier de forme elliptique, fabriqué en Gaume, en noisetier et utilisé le transport du linge. | Panier de forme elliptique, fabriqué en Gaume, en noisetier et utilisé le transport du linge.; Berceau.",non,oui
baptiser,Bizuter.,non,oui
baptême,Bizutage.,non,oui
baquer,Jeter.,non,oui
baraki,"Forain ou personne habitant une caravane. | Personne sans manières, qui s’habille mal et qui, le plus souvent, parle mal le français. | Personne de basse classe.",non,non
barakie,Baraki de sexe féminin.,non,non
barakiesque,Qui est digne des barakis,non,non
barakitude,Qualité substantielle du baraki. | Comportement ou état du baraki.,non,non
barakresse,"Foraine ou femme habitant une caravane. | Femme sans manières, qui s’habille mal et qui, le plus souvent, parle mal le français.",non,non
barakî,Variante de baraki.,non,non
baraquier,"Forain, tenancier d'une baraque foraine.",non,oui
baraquière,"Foraine, tenancière d'une baraque foraine.",non,oui
bardaf,Patatras.,non,oui
barlos,Synonyme de baraki.,non,non
bas-collant,Synonyme de bas et collant.,non,non
bas-culotte,collant (sous vêtement de femme).,non,non
bassin,Piscine.,non,oui
baulus,Autre orthographe de bolus.,non,non
baxter,Injection lente par voie intraveineuse.,non,non
belgeoisant,Nationaliste belge.,non,non
berdeller,Parler beaucoup.,non,oui
berdelleur,"Quelqu’un qui berdelle, qui parle beaucoup.",non,non
berdelleuse,"Femme qui berdelle, qui parle beaucoup.",non,non
berdouille,Boue.,non,oui
berlaffe,"Forte gifle, grosse claque.",non,non
bexon,Vélo.,non,non
bheu,"Herbe, cannabis.",non,non
bibitif,"Où l’on boit beaucoup, où l’on consomme beaucoup de boisson alcoolisée.",non,non
bicommunautaire,Qui concerne les communautés francophone et néerlandophone.,non,oui
bidon,Vaisselle.,non,oui
biesse,"Idiot, bête.",non,oui
biesserie,"Bêtise, chose sans importance.",non,non
bihoraire,"Qualifie un compteur, un relevé, un tarif, considérant séparément la consommation d’électricité en heures dites pleines et celle en heures dites creuses.",non,non
bille,Traverse de chemin de fer.,non,oui
biloque,Prune.,non,oui
binamé,"Personne ridicule, qui se tourne elle-même en dérision. | Personne un peu bête mais pas méchante(C’est un gentil)",non,non
biquer,Rebiquer.,non,oui
bisbrouille,Petite querelle futile entre deux personnes.,non,non
bisquer,Avoir du dépit ou de l’humeur.,non,oui
bisser,Redoubler un niveau de classe.,non,oui
bisseuse,Élève qui reprend un niveau de classe au lieu de passer au niveau supérieur.,non,non
bistoquer,"Offrir des cadeaux, des petits bouquets… à.",non,oui
bitu,Ivre.,non,oui
bleffer,Baver.,non,non
bleu,"Passionnément amoureux de quelqu’un. | Personne nouvellement arrivée en première année d’étude supérieure (baccalauréat ou candidature), qui garde ce titre jusqu’à la fin de son baptême.",non,oui
bleuette,"Féminin de bleu, étudiante ayant commencé son baptême estudiantin (en haute école ou à l'université) au début de l'année académique, garde ce titre jusqu’à la fin de l'année académique (devient ensuite une ""plume"" ou une ""commitarde"") bien que l'on fasse une différence entre les ""bleuettes sales"" (avant le baptême) et les ""bleuettes propres"" (aprés le baptême).",non,oui
bleusaille,"Période de préparation initiatique vécue par le nouvel étudiant belge, le bleu, avant le baptême estudiantin.",non,oui
blindicide,Qui peut percer les blindages. | Arme qui peut percer les blindages.,non,non
blinquant,"Brillant, reluisant.",non,oui
blinquer,"Reluire, briller.",non,non
blochet,"Boîte d’encastrement, autrefois constituée d’un petit bloc en bois creusé, aujourd’hui en plastique, destinée à recevoir un appareillage électrique (prise, interrupteur).",non,oui
blocus,Période sans cours dans l’enseignement supérieur et l’enseignement universitaire qui permet aux étudiants de préparer leurs examens.,non,oui
bloque,Période de révision avant les examens universitaires.,non,oui
bloquer,"Étudier, bûcher en période de blocus.",non,oui
bobonne,"Grand-mère, femme âgée (mémère).",non,oui
boding,"Sorte de pain perdu fait avec du pain rassi trempé dans du lait, cuit au four et servi recouvert de raisins secs.",non,oui
boiler,Chauffe-eau.,non,oui
bolus,Pâtisserie à base de raisin. On écrit aussi baulus.,non,oui
bon-papa,Appellation affectueuse pour le grand-père.,non,non
bonbon,"Sucrerie, friandise faite avec du sucre. Dans le langage des enfants, ce mot désigne toute sorte de friandise.; Petit biscuit sec.",non,oui
bonne-maman,Appellation affectueuse pour la grand-mère.,non,non
bonnier,Borne ou pierre servant de limite.,non,oui
borin,Ouvrier des mines de charbon du Nord de la France et de la province de Belgique directement limitrophe.,non,oui
Borinage,"1. Il désigne historiquement une région industrielle belge de la province de Hainaut, à l'ouest et au sud-ouest de Mons, façonnée par l'extraction du charbon. | 2. En langage technique ou littéraire, il fait référence à l'ensemble des ouvriers mineurs ou au travail des houillères.",,
botteresse,Colporteuse qui transportait ses marchandises dans une hotte en osier.,non,non
boudet,"Panier de griveleux, fabriqué des bois tressé.",non,oui
boudin,Traversin.,non,oui
boudine,Ventre.,non,oui
bouffon,"Gourmand, personne qui ne pense qu’à manger.",non,oui
boule,"Bonbon, friandise. | Chapeau melon.",non,oui
boulet,"Dans le pays de Liège, un plat de boulette de viande servie en sauce.",non,oui
bourgmestre,"Titre du premier magistrat des villes de Belgique, du Luxembourg, des Pays-Bas, d’Allemagne, etc.",non,oui
bourrelet,coussin ou pli de graisse,,
bourlette,"Boule, tête, tumeur arrondie, renflement au bout d’un bâton.",non,oui
bourlotte,Variante de bourlette; renflement au bout d'un bâton.,non,oui
bourré,Rassasié.,non,oui
boustringue,Hareng saur.,non,non
bouter,"(Vieilli, encore courant en Suisse romande et en Belgique) bouter le feu : Mettre le feu.",non,oui
boutroulle,Nombril.,non,non
boyard,"Personne mal habillée, vulgaire ; synonyme de baraki.",non,oui
braderie,Marché occasionnel souvent dans la rue où les particuliers et les professionnels vendent ce qu’ils veulent,non,oui
branchouille,Relatif à une personne branchée ou aux personnes branchées.,non,oui
brette,Sorte de querelle ou dispute.,non,oui
briquet,Collation que l’on emportait pour aller travailler.,non,oui
broebeler,"Variante orthographique de broubeler (bredouiller). | Bavarder, raconter des histoires, se vanter.",non,non
brol,"Désordre, bazar. | Camelote, objet sans valeur.",non,oui
broquer,"Se précipiter, souvent avec de mauvaises intentions.",non,oui
brosser,"Ne pas assister aux cours, ne pas aller à l’école.",non,oui
brosseur,Élève qui sèche les cours.,non,oui
brosseuse,Élève qui sèche les cours.,non,oui
broubeler,Baragouiner. | Bredouiller.,non,non
brusselaire,Variante de brusseleir.,non,non
brusseleir,"Dialecte constitué d’un mélange à proportion constamment variable de flamand et de français, à l’accent indéfinissable, en usage dans les couches populaires des Marolles à Bruxelles.",non,non
bruxellisation,Dégradation de l'environnement urbanistique et architectural provoquée par le laxisme des autorités publiques et les objectifs mercantiles des promoteurs immobiliers dans un cadre économique libéral.,non,non
brûlant,"Pyrosis, sensation de brûlure au niveau de l’œsophage.",non,oui
buire,"Variante de bure, le feu de joie.",non,oui
buse,"Échec à une élection, à un examen etc.",non,oui
buselure,"Pièce en forme d’anneau, destinée à absorber les chocs et les vibrations dans certains organes mécaniques, ou à assurer l'étanchéité. Silent-Bloc.",non,non
buser,Faire échouer un étudiant.,non,oui
busé,En échec dans une branche scolaire.,non,oui
buumdroeger,Porteur d’arbre. Personne portant le Meyboom(arbre planté lors d’une cérémonie à Bruxelles).,non,non
bâchire,Cloison de planches clouées dans une bure de houillère.,non,non
bâtissable,Qualifie une surface sur laquelle on peut bâtir.,non,oui
béton,Colostrum.,non,oui
caberdouche,"Cabaret, débit de boissons",non,non
cabinettard,Membre d'un cabinet ministériel.,non,non
cabinettarde,Membre d'un cabinet ministériel.,non,non
cabinier,"Synonyme de aiguilleur (travaillant dans un poste d’aiguillage, appelé « cabine »).",non,oui
cacaille,"Objet sans valeur. | Sans valeur, faux en parlant d'un objet prétendument ancien qui n’offre aucun caractère d’authenticité.",non,non
caillant,Très froid.,non,oui
calcareux,Calcaire.,non,oui
calebasse,"Petit appareil, proche du cubilot, utilisé pour fondre des métaux en petite quantité.",non,oui
calebasserie,"Atelier de fonderie, parfois itinérant, où l’on utilise la calebasse pour couler du métal en petite quantité.",non,non
calebassier,"Fondeur, parfois itinérant, utilisant l’appareil nommé calebasse pour couler des métaux.",non,oui
calepin,"En Belgique, un calepin désigne un cartable ou un sac d'écolier, un sens spécifique qui s'écarte de la définition française",non,oui
caliche,Réglisse (la confiserie).,non,oui
calotte,Bonnet traditionnel des étudiants des universités catholiques par opposition avec la penne des étudiants des institutions non confessionnelles.,non,oui
campénaire,Nom qui fut donné aux colporteurs de la région de Stambruges.,non,non
canard,Petit bisou sur les lèvres.,non,oui
candidat,Grade attribué à la fin du premier cycle d’un cursus d’enseignement supérieur long.,non,oui
candidature,Premier grade universitaire qui s'effectue en deux ou trois ans.,non,oui
cannasser,"belgicisme verbal peu courant qui signifie verrouiller, cadenasser ou, par extension, dissimuler une information pour empêcher sa divulgation",non,non
cannibale,Toast nappé de filet américain (nom belge du steak tartare).,non,oui
carabibi,Petits caramels spécifiques à la ville de Soignies en Belgique et distribués à la foule lors de la fête traditionnelle de la Simpélourd.,non,non
carabistouille,"Blague, galéjade. | Mensonges, tromperie.",non,non
carabouilla,Bonbon à la réglisse et à l’anis de couleur noire.,non,non
caraboutcha,Gribouillis.,non,non
carabouya,Bonbon à la réglisse et à l’anis de couleur noire.,non,non
carnavaleuse,(Dunkerquois) Participante à un carnaval.,non,non
carnavaleux,Participant à un carnaval.,non,non
carnet,Livret d’épargne.,non,oui
carrousel,Manège de chevaux de bois.,non,oui
cartache,Grosse bille de verre ou de terre. | Œil au beurre noir.,non,oui
carte-vue,Carte postale illustrée sur un des côtés (l’autre côté étant réservé à l’adresse et au texte).,non,non
casco,Brut de finition.,non,oui
casserole,"Ustensile de cuisine de forme cylindrique, à deux poignées et fourni avec un couvercle. Le mot s’oppose à poêlon qui désigne les ustensiles pourvus de manches.",non,oui
cassette,Plumier d’écolier. | Insert à bois.,non,oui
cassonade,Sucre brun non-raffiné provenant généralement du sirop résiduel de la cristallisation du sucre ou sucre brun résultant d’un ajout de sirop de raffineur (sorte de mélasse) à du sucre blanc.,non,oui
castar,"Fort, résistant, (aussi bien pour un être vivant qu'un objet ou autre). | Personne vigoureuse, costaud.",non,non
castard,Variante de castar.,non,non
castarde,Variante de castar.,non,oui
cavitche,"Café, bistro.",non,non
cavitje,"Café, bistro.",non,non
cenne,Pièce de deux centimes.,non,oui
cense,"Métairie, ferme. Prononciation : cinse",non,non
cercle,"Endroit où se retrouvent des étudiants dans un but festif, bibitif et culturel.",non,oui
cercueil,Bière légère à laquelle on ajoute un peu de coca.,non,oui
chaisard,Personne se déplaçant en chaise roulante.,non,non
chaisarde,Personne de genre féminin se déplaçant en chaise roulante.,non,non
chambourlette,Invité de la Ducasse de Mons étrangers à la ville,non,non
chamoisette,Chamoisine.,non,non
chantoir,"Fossé, cavité, excavation, gouffre où se déverse un cours d’eau.",non,non
chapelle,Coffret électrique de chantier.,non,oui
charbonnier,Mineur qui travaille aux mines de houille.,non,oui
charbonnière,Seau à charbon.,non,oui
charriable,Qualifie une voie sur la quelle l'on peut faire rouler un charriot.,non,oui
chasser,"Souffler, en parlant de courant d'air dans une maison.",non,oui
chaude-hoie,Nom ancien de la houille grasse.,non,non
chaussée,"Voie de circulation reliant généralement deux villes, deux bourgs.",non,oui
chavée,"Dépression allongée creusée dans le calcaire, vallée.",non,non
chef-lieu,Centre administratif de chacune des dix provinces belges.,non,oui
chemisette,Vêtement ou sous-vêtement sans col ni manches.,non,oui
chiclet,"Chewing-gum, gomme à mâcher.",non,oui
chiclette,"Gomme à mâcher, chewing-gum.",non,non
chicon,Endive.,non,oui
chienne,Cheveux formant une sorte de frange sur le front.,non,oui
chipoter,"Tergiverser. | Tripoter, fouiller.",non,oui
chique,"Gomme à mâcher. | (région de Liège) Bonbon, sucrerie.",non,oui
chiquelette,Chewing-gum.,non,non
chiquer,Mâcher un chewing-gum.,non,oui
choco,Pâte à tartiner chocolatée.,non,oui
choesels,"Plat typiquement bruxellois à base de divers abats de bovins, principalement des pancréas, mais aussi des testicules et des tripes, ris, rognons, etc.",non,non
choke,Starter sur une automobile.,non,oui
chope,Bière légère.,non,oui
chouke,Nom affectueux donné à quelqu’un (principalement à Bruxelles).,non,non
chèvre-choutiste,Variante orthographique de chèvrechoutiste,non,non
chèvrechoutiste,"Qui tente de faire plaisir à tout le monde, ou de réconcilier des options divergentes.",non,non
cigare,Réprimande ; engueulade.,non,oui
clabot,Clochette attachée au cou du bétail qu’on menait paître dans les bois.,non,oui
clacher,"Lancer (de la peinture, de la bière ou autre chose) quelque part.",non,non
claper,Variante orthographique de clapper.,non,oui
clasher,Autre orthographe de clacher.,non,oui
clay,Pigeon d’argile utilisé au ball-trap.,non,oui
clenche,"Poignée de porte, bec-de-cane.",non,oui
clette,"Incapable, idiot.",non,non
cliche,Poignée de porte.,non,oui
clignoteur,"Dispositif de sécurité, utilisé pour signaler aux autres usagers la direction que va prendre le véhicule.",non,non
clinche,"Individu maladroit, idiot ou incompétent.",non,oui
clincher,"Vérifier qu’une porte est ouverte ou fermée, appuyer sur la clinche.",non,oui
cliquoter,Cliqueter.,non,non
cliquottes,Chiffons.,non,oui
cloche,Cloque.,non,oui
clopper,"Concorder, correspondre. | Bien aller, bien se passer.",non,non
clos,Regroupement d’habitations ou d’immeubles auquel on accède habituellement par une seule voirie en cul-de-sac.,non,oui
coca,"Boisson gazeuse à base de cola ; abréviation de coca-cola. — Note : Au Québec, on dit plutôt un Coke.",non,oui
cokoter,"Vivre en colocation dans un kot, généralement situé à proximité de l’établissement scolaire.",non,non
cokoteur,"Étudiant ou étudiante avec qui on partage une chambre, un appartement ou une maison d’étudiant.",non,non
cokoteuse,"Étudiante avec qui on partage une chambre, un appartement ou une maison d’étudiant.",non,non
collocation,Hospitalisation sans consentement.,non,oui
colloquer,Interner.,non,oui
collège,Établissement catholique d’enseignement secondaire.,non,oui
combi,"Camionnette, fourgonnette.",non,oui
comitard,Membre du comité d’encadrement d’un club de sport amateur. | Étudiant membre d’un comité de baptême.,non,oui
comitarde,Femme membre du comité d’encadrement d’un club de sport amateur. | Étudiante membre d’un comité de baptême.,non,oui
comminer,Menacer de poursuites judiciaires.,non,non
communauté,"Collectivité politique fédérée exerçant des diverses compétences liées à la culture, à l'éducation, à la santé ou encore à l'aide aux personnes.",non,oui
comptabilisme,Mode de paiement différent que l'argent liquide.,non,non
confusionnel,Qui prête à confusion.,non,oui
constatateur,"Qui constate, qui dresse un constat.",non,non
contraire,Peu accommodant.,non,oui
convictionnel,Qui est relatif au domaine de la liberté dite de religion ou de conviction.,non,oui
coparente,"Épouse ou partenaire de la femme ayant accouché d'un enfant, élevant celui-ci comme leur enfant commun avec cette dernière.",non,non
copion,"Copie d’un extrait de cours destinée à servir d’aide-mémoire lors d’une interrogation, d’un examen.",non,non
copiste,"Élève qui copie sur son voisin, copieur.",non,oui
copropriété,Propriété qui confère à chacun des copropriétaires une partie privative et une quote-part de parties communes.,non,oui
corin,Sorte de compote fabriquée avec des fruits séchés broyés et réhydratés avec de l'eau tiède.,non,oui
coter,Apprécier par un chiffre la valeur d’un travail fait par un élève ou la conduite de cet élève.,non,oui
cougner,Faire l'amour férocement.,non,oui
cougnole,Brioche consommée durant la période de la Saint-Nicolas et de Noël. Sa forme rappelle celle d’un bébé emmailloté et fait ainsi référence à l’enfant Jésus.,non,non
cougnolle,Brioche consommée durant la période de la Saint-Nicolas et de Noël. Sa forme rappelle celle d’un bébé emmailloté et fait ainsi référence à l’enfant Jésus.,non,non
cougnou,Brioche consommée durant la période de la Saint-Nicolas et de Noël. Sa forme rappelle celle d’un bébé emmailloté et fait ainsi référence à l’enfant Jésus.,non,non
couillon,Jeu de cartes proche du poker. Personne naïve,non,oui
coulon,Pigeon voyageur.,non,non
coulonneux,Colombophile.,non,non
couque,"Brioche, petit pistolet, biscuit, pain d'épice ou viennoiserie, nom générique donné aux pâtisseries. | Biscuit, de différentes formes (sapins et père Noël, fleurs, etc.) que l’on déguste surtout au temps des fêtes.",non,oui
coussin,"Objet rembourré qui sert à soutenir la tête quand on est couché, par exemple sur un lit.",non,oui
couyon,"Jeu de cartes de la région de Malmédy notamment, mais il se pratique dans toute la Wallonie.",non,non
cramignon,Danse ou air populaire de la région de Liège.,non,non
cramique,Pain brioché au raisin sec.,non,non
crampe,Barre à mine.,non,oui
craquelin,Pain au lait avec des pépites de sucre sur le dessus.,non,oui
crocheter,"Broder au crochet, garnir des dessins ou créer de la dentelle de fil à l’aide d’un crochet.",non,oui
crolle,Boucle de cheveux.,non,oui
croller,Boucler.,non,oui
crollé,"Bouclé, frisé.",non,oui
croustillon,"Beignet frit, le plus souvent saupoudré de sucre glace, que l’on achète sur les foires et les kermesses.",non,oui
croûton,Petit résidu dur ou trop cuit d'une portion de frites s’accumulant au fond du contenant.,non,oui
cru,"En parlant du temps, froid et humide.",non,oui
cuberdon,"Friandise, bonbon de forme conique, de couleur violacée, d’environ 2,5 cm de haut. | Cône de signalisation, cône de chantier.",non,non
cugnole,Brioche consommée durant la période de la Saint-Nicolas et de Noël. Sa forme rappelle celle d’un bébé emmailloté et fait ainsi référence à l’enfant Jésus.,non,non
cuisine-de-cave,Cuisine en sous-sol.,non,non
cuistax,"Vélocipède que l’on loue sur la côte belge ou dans d’autres lieux de villégiature, comportant plus de deux roues (tricycles, quadricycles), muni d’un nombre variable de sièges et de pédaliers, et loué aux estivants par des exploitants spécialisés en vue de la promenade ou du divertissement.",non,non
cuivrerie,Ensemble d’ustensiles de cuisine en cuivre ; dinanderie.,non,oui
cul,De la (bonne) chance.,non,oui
culpeux,Délictueux.,non,oui
cumulet,"Culbute, roulade.",non,non
curateur,"Celui qui est désigné par le tribunal de commerce pour administrer une faillite, procéder à la liquidation de celle-ci et en répartir le produit entre les créanciers déclarés du failli.",non,oui
curatrice,"Celle qui est désignée par le tribunal de commerce pour administrer une faillite, procéder à la liquidation de celle-ci et en répartir le produit entre les créanciers déclarés du failli.",non,oui
cyclostrade,Véloroute.,non,non
dagobert,"Sandwich composé de baguette garnie d'une base protéinée, sauce et crudités au choix (naguère de jambon, fromage, de mayonnaise et crudités, mais les recettes ont évolué).",non,oui
demi-ouvrier,"Employé qui n'est plus apprenti mais pas encore considéré comme pleinement ouvrier, car il ne possède que son diplôme et n'a pas d'expérience professionnelle.",non,non
demi-ouvrière,Féminisation du statut professionnel de demi-ouvrier.,non,non
demoiselle,"Terme de politesse, par lequel on désigne les jeunes filles et, par le passé, les femmes non mariées.; Institutrice.",non,oui
derle,"Terre à porcelaine, argile propre à faire de la belle faïence, de la porcelaine.",non,oui
dicotylée,Dicotylédone.,non,oui
didine,Ventre.,non,non
dikkenek,Vantard.,non,non
diminué,Minoré.,non,oui
dimmer,"Interrupteur, commutateur pouvant graduer la puissance (souvent d'éclairage ou de chauffage).",non,oui
discobus,Médiathèque itinérante aménagée dans un bus.,non,non
discoplane,Disque-volant.,non,non
distanciement,Fait de mettre de la distance entre soi et une action effectuée ou une parole prononcée.,non,non
djoc,"Toilettes, WC, chiottes.",non,non
domet,Flanelle de coton initialement fabriquée dans la région de Verviers.,non,non
doublant,Élève qui redouble.,non,oui
doublante,Élève (fille) qui recommence la même classe.,non,oui
doublement,Redoublement.,non,oui
doubler,Redoubler un niveau de classe au lieu de passer au niveau supérieur.,non,oui
doudouce,Câlin ; caresse légère ; manifestation de tendresse.,non,oui
douf,"(Parlant de la météo) Lourd, étouffant",non,oui
doufe,"Cuite, biture. | Temps chaud et humide, étouffant.",non,non
drache,Pluie forte et subite ; averse. | Tournée générale.,non,oui
dracher,Pleuvoir fortement.,non,oui
dringueille,Argent de poche ; argent que l’on reçoit pour un anniversaire ou une fête.,non,non
dringuelle,"Argent de poche, argent que l’on reçoit pour un anniversaire ou une fête.",non,non
droiteure,"Couche de charbon, qui dans une mine, se redresse proche de la verticale.",non,non
drève,Allée carrossable bordée d’arbres.,non,oui
ducasse,"Kermesse, fête votive.",non,oui
duvet,Couette épaisse.,non,oui
débagager,Déménager.,non,oui
débarakisation,Élimination des barakis,non,non
débaucher,Quitter son travail après l’accomplissement quotidien de celui-ci.,non,oui
décauser,"Parler en mal de, dénigrer.",non,non
décolloquer,Sortir un patient d’un service psychiatrique fermé.,non,oui
décret,"Acte législatif pris par une des entités fédérées (communauté linguistique ou région), excepté la région de Bruxelles-Capitale.",non,oui
décumul,Synonyme de « décumul des mandats ». | Synonyme de « décumul des revenus des époux » (séparation des revenus d’un couple en vue de l’imposition fiscale).,non,oui
décumuler,Supprimer le cumul,non,non
déforcer,"Faire perdre ses forces à, affaiblir, diminuer le pouvoir de quelqu'un.",non,non
défranchir,"Faire perdre son assurance, sa confiance, à quelqu’un.",non,oui
dégrogner,"Râler, grogner.",non,oui
déjeter,Gaspiller.,non,oui
déjeuner,Petit-déjeuner. Prendre le repas du matin.,non,oui
déloger,Découcher.,non,oui
dîner,Prendre le repas de midi.  Repas de midi.,non,oui
elbot,"Grand poisson plat de l’Atlantique nord, consommé pour sa chair.",non,non
emmacraler,"Ensorceler. | Embrouiller, emmêler, mettre de la confusion.",non,non
empocheter,"Mettre en poche (ou en pochette), empocher.",non,non
encoder,"Saisir, Entrer",non,oui
endéans,"Dans un délai de ; dans la limite de ; dans l’intervalle (d’un laps de temps). | Dans, en tant que préposition de lieu. | Dans la limite (d’une certaine épaisseur).",non,non
enloger,Mettre des pigeons dans une boite en vue de les transporter.,non,non
ensine,Fumier ; engrais.,non,oui
ensiner,"Fumer, engraisser, en parlant d'une terre, d'un sol.",non,non
entre-saison,"Période tempérée, entre les températures extrêmes de l'hiver et de l'été, plus précisément le printemps et l'automne.",non,non
ergeron,"Limon jaunâtre, sableux et calcaire qui recouvre le dépôt caillouteux.",non,non
escabelle,"Escabeau, échelle autoportante grâce à sa forme en V inversé lui donnant en tout quatre pieds.",non,oui
essuie,Linge utilisé pour enlever l’eau de rinçage sur un objet ou s’essuyer les mains ou le corps.,non,oui
essuie-éponge,Synonyme de serviette-éponge.,non,non
estaminet,Salle de café où l’on peut fumer en même temps que boire. | Petit café restaurant fréquenté par une clientèle populaire.,non,non
exemplatif,"Relatif à l’exemple, exemplaire.",non,non
facultaire,Relatif à la faculté d'une université.,non,non
fafoule,Grande gueule.,non,non
fancy-fair,"Fête de bienfaisance, fête organisée pour lever des fonds pour une œuvre caritative, une école ou une association.",non,oui
farde,"Classeur, dossier contenant une liasse de papier. | Cartouche de cigarettes.",non,oui
faude,Fosse ou silo pour faire le charbon de bois.,non,oui
fauder,Consumer comme un charbon de bois dans son four.,non,oui
faux-grenier,"Grenier qui, sous la toiture, sert de débarras.",non,non
fieu,"Gars, garçon, vieux. (toujours au vocatif) ",non,oui
filet-poubelle,"Poubelle sous forme de filet ou de réceptacle grillagé placé sur un support, située le long d’une route, permettant de se débarrasser de détritus divers depuis un véhicule.",non,non
fisquemalle,Brioche consommée durant la période de la Saint-Nicolas et de Noël. Sa forme rappelle celle d’un bébé emmailloté et fait ainsi référence à l’enfant Jésus.,non,non
flamin,Flamand.,non,non
flamingantisme,Activisme politique des flamingants.,non,non
flamouche,Flamand.,non,oui
flappie,Flamand.,non,oui
flat,"Appartement d’une seule pièce spacieuse, studio, loft.",non,oui
flatte,Excrément de bovin.,non,oui
flexijob,Variante orthographique de flexi-job.,non,oui
flexijobeur,Variante orthographique de flexi-jobeur.,non,non
flexijobeuse,Variante orthographique de flexi-jobeuse.,non,non
floche,"Sorte de passant ou pompon dont les fibres sont torsadées ou non et qui termine une corde, un textile ou qui est suspendu pour décorer. | Sexe masculin. | Pet foireux. | Fausse note.",non,oui
flèche,Sorte de pantographe en forme de hampe équipant les tramways.,non,oui
foire,"Fête foraine, kermesse.",non,oui
folart,Brioche consommée durant la période de la Saint-Nicolas et de Noël. Sa forme rappelle celle d’un bébé emmailloté et fait ainsi référence à l’enfant Jésus.,non,non
folder,"Support publicitaire imprimé (dépliant, brochure, tract, etc…).",non,oui
fondue,Bouchée de fromage fondu pannée.,non,oui
fossile,Étudiant ayant choisi de ne pas passer le rite du baptême.,non,oui
fourche,Heure libre entre deux heures de cours.,non,oui
fransquillonner,"Parler le français de façon affectée, en évitant de montrer son accent.",non,non
frigolite,"Mousse blanche et compacte, constituée de polystyrène expansé, utilisée le plus souvent comme isolant thermique et comme emballage.",non,non
frigotartinable,"Que l'on peut tartiner dès la sortie du réfrigérateur, qui est assez tendre même froid.",non,non
frisco,Crème glacée de type esquimau.,non,non
fritabilité,Aptitude des différents cultivars de pommes de terre à être transformés en frites.,non,non
fritkot,Friterie.,non,non
friture,Friterie.,non,oui
fromagie,Mélange de fromage blanc avec de la crème fraîche.,non,non
fromagiez,Mélange de fromage blanc avec de la crème fraîche.,non,oui
frotte-manche,"Flatteur, lèchecul, lèche-botte.",non,non
frotteur,Petite brosse pour tableau noir.,non,oui
froucheler,"Tripoter, peloter, faire des papouilles.",non,non
froumagire,Mélange de fromage blanc avec de la crème fraîche.,non,non
frouze,Français.,non,non
frœbélien,"Enseignant dans une école maternelle, un jardin d’enfants.",non,oui
gadot,Déambulateur.,non,oui
galette,Crème glacée placée entre deux gaufrettes (similaire au corte en Espagne). | Gaufrette. | Sorte de pain.,non,oui
gatte,Chèvre.,non,oui
gayole,"Cage enfermant des petits animaux de compagnie (oiseaux, etc.). | Cage, but. | Prison.",non,oui
gayolle,"Cage enfermant des petits animaux de compagnie (oiseaux, etc.). | Cage, but. | Prison.",non,non
gerbière,"Lucarne pendante ou passante, dite également lucarne meunière ou lucarne engagée.",non,oui
Glem,"Groupement de professionnels de la santé ayant pour but la promotion des bonnes pratiques et l’amélioration des soins, par le partage et l’évaluation de leur pratique.",non,non
gletter,"Saliver, baver.",non,non
godferdek,Nom de Dieu.,non,non
gosette,"Chausson (spécialité pâtissière faite d’une feuille de pâte à tarte repliée sur des fruits cuits : pommes, abricots, cerises).",non,non
gougouille,Friandise ; sucrerie.,non,non
goulaf,"Goinfre, glouton. Belgique et Nord-Est de la France",non,non
goulafe,"Goinfre, glouton. Belgique et Nord-Est de la France",non,non
goulafre,"Goinfre, glouton. Belgique et Nord-Est de la France",non,non
gouttiner,Pleuvoir un petit peu.,non,non
goûter,"Avoir le goût de, avoir goût à.",non,oui
graduat,Études supérieures réalisées généralement en trois ans jusqu'à l'application de la réforme de Bologne dans l'enseignement belge. Le terme de graduat a été remplacé depuis septembre 2004 par baccalauréat. Ce changement s'est souvent accompagné d'une modification du contenu des formations.,non,oui
gradué,Grade attribué à la fin d’un cursus d’enseignement supérieur court.,non,oui
griffe,Éraflure sur un objet ou égratignure sur la peau.,non,oui
grouler,Gronder ; grommeler. | Faire des borborygmes.,non,oui
gruette,"Ensemble des abats composé du foie, du cœur, du mésentère et des poumons principalement du sanglier, du chevreuil mais aussi de tout autre animal.",non,oui
grusiner,Grignoter quelque chose de croquant.,non,non
guindaille,"Fête estudiantine, en particulier après la fin des examens ou en période de baptême d’étudiants.",non,oui
guindailler,Faire la fête (généralement en buvant beaucoup). Utilisé surtout par les étudiants.,non,non
guindaillesque,Relatif à la guindaille ; à la célébration estudiantine du folklore belge.,non,non
guindailleur,Personne qui participe à une guindaille.,non,non
guindailleuse,Femme qui participe à une guindaille.,non,non
guinze,Cuite.,non,oui
général-major,Général de division ou major général.,non,non
hamaï,Sorte d'interjection propre aux Bruxellois qui a le sens de « ça alors ».,non,non
herdeau,Herdal.,non,non
hiercheuse,Variante orthographique de hercheuse.,non,non
hippothérapie,Synonyme de équithérapie.,non,oui
holebi,"Homosexuel, lesbienne ou bisexuel. | Qui est homosexuel, lesbienne ou bisexuel.",non,oui
home,Institution spécialisée dans l’accueil d’une catégorie de personnes.,non,oui
honteux,"Mauvais, vilain.",non,oui
horeca,"Hôtellerie-restauration, (secteur comprenant l’hôtellerie, la restauration, les cafés).",non,oui
horlogique,Dans le sens des aiguilles d’une montre,non,non
houilleux,Variante de houilleur.,non,oui
huberlu,Hurluberlu.,non,non
humanité,Enseignement secondaire en Belgique.,non,oui
humanités,"Enseignement secondaire, correspondant au lycée, au collège ou à l'athénée, selon le réseau.",non,oui
héez,Hallier ou lande sur une éminence ou un mont.,non,non
ici-dedans,À l’intérieur de cet endroit.,non,non
immunisable,"Qui peut faire l’objet d’une réduction d’impôt, d’un avantage fiscal.",non,oui
immuniser,"Dispenser d’impôt, offrir un avantage fiscal.",non,oui
incivique,"Pendant la Seconde Guerre mondiale, collaborateur nazi",non,oui
indaguer,Enquêter.,non,non
informateur,Personne chargée d’identifier les défis de l'État et d’explorer les possibilités et conditions nécessaires à la formation du gouvernement fédéral.,non,oui
informatrice,Celle qui est chargée d’identifier les défis de l’État et d'explorer les possibilités et conditions nécessaires à la formation du gouvernement fédéral.,non,oui
instiguer,"ou ou Pousser quelqu’un à faire une action généralement mauvaise, inciter.",non,non
intensiviste,Médecin spécialiste en soins intensifs.,non,oui
jambot,Jeune qui travaille dans les houillères du Hainaut.,non,non
jatte,Tasse. Spécialement : (a) tasse de café (contenu seulement) ; (b) tasse de ou à soupe (contenant ou contenu) ; mug.,non,oui
jeannette,"Insulte homophobe, tapette.",non,oui
jobiste,Étudiant qui exerce un job de vacance.,non,non
jouette,Personne encline à s’amuser pour des riens.,non,oui
jubilaire,"Dont on fête un jubilé, un anniversaire. | Personne dont on fête un jubilé, un anniversaire.",non,oui
jubilariser,Mettre à la retraite.,non,non
kap,Kot dans lequel six à quatorze étudiants vivent ensemble et s’organisent autour d’un projet collectif dans un domaine précis.,non,oui
kapiste,Personne étudiante qui participe avec ses colocataires à un projet subventionné par une école supérieure et ayant pour but d’animer le campus.,non,oui
kapstok,Portemanteau.,non,oui
karabouya,Bonbon à la réglisse et à l’anis de couleur noire.,non,non
kern,Comité restreint de ministres.,non,oui
kernet,Conduit d'aération dans les mines. Royon.,non,oui
ket,"Un jeune, un gosse. | Surnom affectueux.",non,oui
ketje,P’tit gars.,non,non
kicker,"Baby-foot, football de table.",non,oui
kinésiste,Kinésithérapeute.,non,non
kip-kap,Spécialité belge de charcuterie.,non,non
klacher,Autre orthographe de clacher.,non,non
klet,"Incapable, idiot.",non,oui
kot,"Chambre, maison ou appartement loué par un étudiant et situé près de son université ou sa haute école.",non,oui
koter,"Loger dans une chambre, une maison ou un appartement d'étudiant.",non,oui
koteur,Étudiant ou étudiante qui loge dans un kot.,non,non
koteuse,Étudiante qui loge dans un kot.,non,non
labbekak,"Pleutre, poltron. | Bavard.",non,oui
lange,Couche. (Linge ou bande absorbante à l’usage des enfants.),non,oui
lapette,Café trop léger.,non,non
lard,Friandise molle de forme allongée du genre guimauve composée de deux bandes de couleur rose et blanche.,non,oui
latte,Règle plate graduée. | Barre transversale au football.,non,oui
lavasse,sauf : Averse soudaine et abondante.,non,oui
lettré,Qui sait lire et écrire.,non,oui
liards,Argent (Toujours au pluriel).,non,oui
lichette,"Petite attache, faite de tissu, d’une serviette ou chaînette métallique dans le col d’un vêtement (de pluie), servant à les suspendre.",non,oui
lift,"Auto-stop et, comme en québécois, transport fourni, généralement en voiture.",non,oui
locher,"Secouer, branler. Se disait souvent du fer d’un cheval. Avoir un fer qui loche : Être incommodé.",non,oui
loempia,Variante de lumpia.,non,non
logopède,"Professionnel de la logopédie ou orthophonie, la thérapie du langage.",non,non
logopédie,"Art de prononcer correctement, de corriger les défauts de prononciation.",non,non
loque,"Serpillière, chiffon.",non,oui
loverboy,Proxénète débutant une relation amoureuse avec une femme pour ensuite l’obliger à se prostituer.,non,oui
lumer,"Approcher de la lumière, éclairer un objet. ",non,oui
lumerotte,Lampe qui diffuse une faible lumière. | Betterave évidée garnie d'une bougie. | Feu follet.,non,non
lumpen,Nom donné à Anvers au poisson appelé lompe.,non,oui
légumier,Marchand ou vendeur de légumes.,non,oui
maatje,"Jeune hareng pêché alors qu’il n’a ni laitance ni œufs (entre la mi-mai et la mi-juillet), qui se mange cru et salé.",non,oui
maclotte,Danse wallonne.,non,oui
malaisant,"Qui cause un malaise, une situation d’inconfort face au comportement d’une autre personne ou à un événement incompréhensible.",non,oui
malappétissant,Qui n’est pas appétissant.,non,non
mallette,"Cartable, sac d’école.",non,oui
mamé,"adorable, mignon.",non,oui
manche-à-balle,Étudiant fayot.,non,oui
mandaye,Homme à tout faire ; manœuvre ; arcandier,non,oui
mandaï,Homme à tout faire ; homme de peine ; manœuvre.,non,oui
mansionnaire,Masuir.,non,oui
maquée,Fromage blanc.,non,oui
margaille,"Grand désordre, pouvant aller jusqu’à l’échauffourée, la bagarre.",non,non
marier,ou Épouser.,non,oui
marollien,Français argotique parlé à Bruxelles.,non,oui
maroxellois,Homme d’origine marocaine ayant grandi dans la Région de Bruxelles-Capitale.,non,oui
marquoir,"Tableau d’affichage des scores dans les sports collectifs. | ou Système de marquage des points au billard français, initialement sous la forme d’un boulier accroché à un mur, puis électrique et enfin électronique.",non,oui
masterisation,"Dans l'enseignement, le fait de mettre (une formation, un diplôme,...) au niveau de master.",non,oui
masuir,"Membre d'une communauté villageoise propriétaire de biens ou de droits d'usage, communaux ou collectifs.",non,non
matante,"Terme surtout connu comme un canadianisme (au Québec), mais il possède aussi un usage populaire et régional en Belgique (notamment dans le Hainaut). Il signifie simplement « ma tante », souvent soudé en un seul mot par affection ou habitude de langage.",non,oui
maturité,"Baccalauréat, certificat attribué à la fin des études secondaires. | Ce diplôme lui-même.",non,oui
mauve,"Violet (les couleurs mauve et violet y sont parfois distinctes, souvent pas). #8806CE",non,oui
maxidiscompte,"Magasin libre-service à prédominance alimentaire qui se caractérise par des prix très bas, une petite surface de vente et un assortiment de produits restreint.",non,oui
mayeur,Officier municipal. | Bourgmestre.,non,non
mayeure,Officière municipale. | Femme bourgmestre.,non,non
mayoral,Variante orthographique de maïoral.,non,oui
mayoresse,Officière municipale.,non,oui
mazout,Boisson faite à partir du mélange de bière blonde et de cola.,non,oui
maïoral,"Relatif au maïeur, au bourgmestre ou à sa fonction, le maïorat.",non,non
maïorat,Fonction du maïeur (maire).,non,non
maïoresse,Variante orthographique de mayoresse.,non,non
mencaudée,Ancienne unité de surface agraire valant environ 35 à 45 ares selon les lieux.,non,non
merveilleuse,"Cocktail composé d'une bière trappiste et d'un apéritif, généralement du porto.",non,oui
merveilleux,"Gâteau cylindrique fait avec de deux meringues collées avec une crème, puis couvertes crème chantilly le tout décoré de copeaux de chocolat noir.",non,oui
meï,Fille.,non,non
mijole,"Jeu consistant à lancer des jetons dans un bac. | Personne pleutre, efféminée ou superficielle. | Sexe des femmes.",non,oui
mijoler,Coucher avec une femme. | Flirter. | Donner des caractéristiques de mijole à (quelque chose).,non,non
minerval,Frais d’inscription à l’université.,non,oui
minimex,"Revenu minimum, remplacé en 2002 par le revenu d’intégration.",non,non
minimexer,Attribuer le minimex à.,non,non
minimexé,Bénéficiaire du minimex.,non,oui
minitrip,"Voyage de détente de courte durée, virée.",non,non
minque,Halle au poissons.,non,non
mitraillette,"Demi-baguette dans laquelle on met des frites, une viande cuite à la friture et éventuellement de la sauce.",non,oui
mob,Brosse pour faire les coins.,non,oui
mobilophone,Téléphone mobile.,non,oui
mobilophoner,Téléphoner en utilisant un téléphone portable.,non,non
moffler,"Recaler, en parlant d’un candidat à un examen.",non,non
mofler,Recaler (un candidat à un examen).,non,oui
molière,Richelieu (type de chaussure).,non,oui
moniteur,Journal officiel qui édite la législation nouvelle.,non,oui
mononcle,"Terme familier issu de l'influence du wallon (mi mononke) qui désigne l'oncle, tout comme l'expression semblable ma matante pour la tante.",non,oui
moscovite,Relatif au quartier Moscou de Gand.,non,oui
mouchette,Petite mouche.,non,oui
mousiner,Pleuvoir d’une pluie fine.,non,non
moutonnerie,Boucherie spécialisée en viande de mouton.,non,oui
myrtillier,Arbrisseau de petite taille sur lequel poussent les myrtilles.,non,non
méconduire,Se conduire mal.,non,non
méconduite,Mauvaise conduite.,non,oui
médian,Jouer milieu de terrain au foot,non,oui
mêle-tout,Personne qui s’occupe de ce qui ne la regarde pas.,non,non
mêletout,Personne qui s’occupe de ce qui ne la regarde pas.,non,non
nareux,"Qui ressent un dégoût compulsif à l’idée d’une saleté ou d’un manque d’hygiène de ce qui entre en contact avec la nourriture, vaisseaux, ustensiles et cuisiniers.",non,non
national-royalisme,"Idéologie politique de droite radicale mêlant nationalisme, royalisme et populisme.",non,non
nenni,ou Expression négative qu’on emploie pour marquer un refus catégorique ou encore par plaisanterie dans les réponses.,non,oui
nominette,Étiquette nominative.,non,non
nonantaine,"Nombre d’environ nonante, quatre-vingt-dix. | Âge d’environ nonante ans.",non,non
nonante,90.,non,oui
nonante-cinq,95.,non,non
nonante-deux,92.,non,non
nonante-et-un,91.,non,non
nonante-huit,98.,non,non
nonante-neuf,99.,non,non
nonante-quatre,94.,non,oui
nonante-sept,97.,non,non
nonante-six,96.,non,non
nonante-trois,93.,non,non
nonantenaire,Âgé de quatre-vingt-dix à quatre-vingt-dix-neuf ans.,non,non
nonanter,"Se dit, au piquet, quand on a en main trente points, et que l’on compte nonante (ou quatre-vingt-dix). On dit aujourd'hui : faire quatre-vingt-dix.",non,non
nonantième,Qui concerne l’ordinal ou la fraction nonantième. | Nombre ordinal qui répond à l’adjectif numéral nonante.,non,oui
noquette,Petite quantité.,non,oui
nounouille,"Personne douillette, sensible à la douleur, qui crie ou pleure facilement de douleur.",non,non
nuton,"Petite créature du folklore et des croyances populaires des Ardennes françaises et de la Belgique, très proche du lutin.",non,non
nutonne,"Femme du nuton, petite créature du folklore et des croyances populaires des Ardennes françaises et de la Belgique, très proche du lutin.",non,non
oberbayern,Fête bavaroise de la bière.,non,non
optimalisation,"Fait d’optimaliser ou d’optimiser, de rendre optimal, ou résultat de cette action.",non,non
orangisme,Mouvement de soutien aux membres de la maison d'Orange-Nassau.,non,oui
ordonnance,Acte législatif voté par le Parlement de la région de Bruxelles-Capitale.,non,oui
orthopède,Orthopédiste.,non,non
oufti,"Interjection qui marque la surprise, l’étonnement ou le soulagement.",non,non
pachis,"Terrain clos, où paissent les bêtes.",non,non
pachî,Variante de pachis.,non,non
Paki,Night-shop.,non,oui
panade,"Repas pour bébé, composé de fruits ou de légumes écrasés.",non,oui
panner,Saisir un meuble pour sûreté de paiement.,non,oui
parastatal,Paraétatique.,non,non
parlophone,"Dispositif acoustique électronique interne à un immeuble, placé à l’entrée et dans une ou plusieurs pièces de celui-ci, afin d’en contrôler l’accès à l’aide d’un ouvre-porte.",non,non
parson,Part de propriété dans une mine de houille.,non,oui
passet,"Petit banc pour reposer les pieds, pouvant aussi servir de marchepied ou de tabouret.",non,oui
patro,"Patronage, mouvement de jeunesse.",non,oui
pause-carrière,Période de temps déterminée durant laquelle quelqu’un se retire de son travail.,non,non
pelant,"Lassant, ennuyeux, assommant.",non,oui
penne,"Casquette traditionnelle à longue visière portée par des étudiants des universités non-confessionnelles, ornée de petits objets qui reflètent le parcours festif ou initiatique de son propriétaire.",non,oui
pensionné,Retraité.,non,oui
pensionnée,Retraitée.,non,oui
perpétuité,Condamnation à la prison pour une durée d'une dizaine d’années.,non,oui
pesteller,Trépigner; faire les cent pas.,non,non
peï,"Type, gars, homme souvent âgé.",non,non
philosophe,Plat à base de purée de pommes de terre et de viande hachée.,non,oui
piace,Place.,non,oui
pierre-papier-ciseaux,"Pierre-feuille-ciseaux, jeu de main à 3 positions.",non,non
pincette,"Fait de se blesser, et bien souvent de se faire une ampoule pleine de sang, en se pinçant.",non,oui
pipe,Petite saucisse sèche d’Ardenne.,non,oui
piron-pareil,"Se dit de choses présentées comme différentes mais qui sont, en fait, identiques ou très similaires.",non,non
pissodrome,Urinoir.,non,non
pistier,Coureur qui roule principalement sur piste.,non,non
pistière,Coureuse qui roule principalement sur piste.,non,non
pistolet,Petit pain rond marqué par un pli médian.,non,oui
piétonnier,Rue ou zone piétonne.,non,oui
plafonnage,"Action d'enduire et de lisser toute surface, horizontale ou verticale, au plâtre ou avec un mortier de chaux ou de ciment hydraulique.",non,oui
plasticine,Pâte à modeler.,non,oui
platteuse,Dentellière qui confectionne les fleurs en plat aux fuseaux.,non,non
plouc,Soldat sans grade.,non,oui
plume,Étudiante ayant passé le rite du baptême qui bizute les bleus ; équivalent féminin du poil.,non,oui
plumier,"Trousse, étui en général.",non,oui
pluxer,"Aller boire un verre entre collègues de travail à la Place du Luxembourg (Plux) à Bruxelles, le plus souvent le jeudi soir.",non,non
poeppers,Peur.,non,non
poil,Étudiant ayant passé le rite du baptême qui bizute les bleus ; équivalent masculin de la plume.,non,oui
polar,Polaire.,non,oui
pomérance,"Procédé, bout en cuir de queue de billard.",non,non
poque,"Coup, blessure, marque sur un fruit ou un objet.",non,oui
postainier,Étainier.,non,non
postposer,Remettre quelque chose à plus tard.,non,oui
posture,Statue.,non,oui
potale,Trou dans le sol.,non,oui
poter,Boire un pot.,non,oui
potiquet,Petit récipient.,non,oui
potopote,"Boue, gadoue",non,oui
potstainiers,Pluriel de potstainier.,non,non
poucave,"Prostitué, prostituée.",non,oui
pouercht,"Synonyme de baraki. Utilisé beaucoup dans la région du Centre, province de Hainaut.",non,non
pouf,"Au hasard, au jugé ou sans réfléchir",non,oui
pougner,Tirer au sort à l’aide d’un bâton.,non,oui
pouhon,Source d’eau gazeuse contenant du fer.,non,non
poujain,"Personne dégoûtante, porc. | Personne qui ne respecte pas la bienséance.",non,non
poupa,Papa.,non,oui
poupouille,Chat.  Terme affectueux utilisé en Wallonie pour parler d'un chat domestique.,non,non
poésie,"Classe de cinquième secondaire, équivalente à la première française, où l’on enseigne la poésie.",non,oui
poêlon,Casserole à manche.,non,oui
praline,"Petite friandise au chocolat fourré vendue dans des ballotins, prisées en Belgique.",non,oui
prescrit,Recommandation explicite.,non,oui
prestation,Performance.,non,oui
prester,Assurer en tant que prestation.,non,oui
prober,Essayer.,non,non
promoteur,Directeur de thèse.,non,oui
promériter,"Avoir droit à, en parlant d’un salaire, une prestation, etc.",non,non
province,"Division administrative du pays, équivalent de département en France.",non,oui
préfet,"Directeur administratif d’un athénée, un établissement d’enseignement secondaire.",non,oui
préfète,"Directrice administrative d’un athénée, un établissement d’enseignement secondaire.",non,oui
prélocuteur,Procureur.,non,non
prépension,Allocation de chômage majorée pour les travailleurs qui sont licenciés après un certain âge.,non,non
prépensionner,Faire bénéficier d’une préretraite.,non,non
puuteler,Autre orthographe de pûteler.,non,non
pète,Échec scolaire dans une matière précise.,non,oui
péréquater,"Assurer une péréquation, répartir. | Indexer, en particulier pour tenir compte de l’inflation.",non,non
pételle,"Fiente, crotte dure et sèche de certains petits animaux comme la brebis, la chèvre, la souris, etc.",non,non
pûteler,Peloter (quelqu’un).,non,non
quantième,Désigne le rang ou l’ordre dans une série.,non,oui
quertinée,Hottée.,non,non
quette,Pénis.,non,oui
quetter,Copuler.,non,oui
quimper,Se mettre sur son trente-et-un.,non,oui
rabiner,Couper l'arbre le plus près possible de terre et arracher soigneusement les racines.,non,oui
rabote,Pomme en croûte.,non,oui
racagnac,"Crécelle, Tire-fort, cric.   Râleur, généralement précédé de vieux. ",non,oui
raccuser,"Rapporter, dénoncer, venir se plaindre de l'action d'autres enfants (auprès des parents, de l'institutrice).",non,non
racrapoter,Se recroqueviller.,non,non
racrapoté,Recroquevillé.,non,oui
racuspoter,"Action d'un enfant de rapporter, de venir se plaindre, en général de l'action d'autres enfants (auprès des parents, de l'institutrice).",non,non
ramassette,Pelle à balai.,non,oui
ramponeau,Filtre à café.,non,oui
ramponneau,Filtre à café.,non,oui
ran,Toit à porcs.,non,oui
rang,Nom du toit à porcs.,non,oui
ratchète,"Perforateur à main avec un système de cliquet, utilisé dans les mines. Sorte de gros vilebrequin à cliquet.",non,non
rattachisme,"Courant qui, au sein du Mouvement wallon, prône la réunion de la Wallonie, voire de Bruxelles, à la République française.",non,non
rattachiste,"Relatif au rattachisme, courant qui prône la réunion de la Wallonie à la République française. | Celui, celle qui est partisan du rattachisme, courant qui prône la réunion de la Wallonie à la République française.",non,non
rawette,Petit rajout. | Petite quantité de quelque chose.,non,non
rawète,Lien de paille tressé utilisé autrefois pour confectionner des gerbes de blé. ^([1]) | Rab de marchandise qu'un marchand offre à un client.,non,non
reberdeller,Berdeller à nouveau.,non,non
rebleffer,Bleffer à nouveau.,non,non
reblinquer,Blinquer à nouveau.,non,non
reclaper,"Claper à nouveau, refermer.",non,non
recyparc,Endroit pour le dépôt sélectif des déchets encombrants ou susceptibles d'être recyclés.,non,non
recypark,Endroit pour le dépôt sélectif des déchets encombrants ou susceptibles d'être recyclés.,non,non
redire,Confirmer. | Tenir au courant.,non,oui
redracher,Dracher à nouveau.,non,non
reiter,Reître.,non,oui
reloquetage,Action de passer la serpillère.,non,non
reloqueter,"Nettoyer sommairement (le carrelage d'une pièce), à l'aide d’une serpillière humide, elle-même fixée au bout d'une raclette (instrument constitué de deux lamelles de mousse ou de caoutchouc fixées au bout d'un manche de bois).",non,non
renon,Résiliation d’un contrat.,non,oui
reprocher,Causer des renvois gastriques.,non,oui
resonner,Téléphoner à nouveau à.,non,oui
rest-o-pack,Sachet ou petite boîte dans laquelle les clients d’un restaurant peuvent emporter les restes de leur repas.,non,non
reward,Nom donné autrefois à Bruges au chef de jurés élu par les échevins.,non,oui
rhéto,"Rhétoricien ou rhétoricienne, élève de classe terminale de l’enseignement secondaire belge. | Classe de rhétorique, classe terminale de l’enseignement secondaire belge.",non,oui
rhétoricien,"Élève de classe terminale de l’enseignement secondaire, classe appelée rhétorique, qui existait en France et qui existe encore en Belgique.",non,oui
rhétoricienne,"Élève de classe terminale de l’enseignement secondaire, classe appelée rhétorique, qui existait en France et qui existe encore en Belgique.",non,oui
rhétorique,Classe de sixième secondaire où on enseigne la rhétorique. Équivalent de la terminale en France.,non,oui
rince-cochon,Bière que l’on boit en fin de repas.,non,oui
ring,"Autoroute faisant le tour d’une ville, boulevard périphérique, rocade.",non,oui
rombosse,Pâtisserie traditionnel composée d'une pomme entière saupoudrée de sucre glace provenant du patrimoine Verviétois.,non,non
rond-point,Intersection en anneau de type carrefour giratoire par sa forme et/ou éventuellement par sa réglementation dont le centre n’est pas accessible aux véhicules motorisés automobiles.,non,oui
roofing,Revêtement imperméable utilisé pour couvrir les toits et terrasses.,non,oui
rouf-rouf,Précipitamment et sans apporter le soin nécessaire.,non,oui
roulage,Conduite de véhicule.,non,oui
routier,"Demi-baguette dans laquelle on met des frites, une viande cuite à la friture et éventuellement de la sauce.",non,oui
routiné,Routinier.,non,oui
réciproquer,Accomplir un geste symétrique à celui de son interlocuteur.,non,non
réclame,"Promotion, réduction.",non,oui
rédimé,Qualifie les territoires qui furent attribués à la Belgique aux dépens de l'Allemagne après la Première Guerre mondiale.,non,oui
régendat,Diplôme obtenu par trois ans d'études non universitaires après le secondaire.,non,non
rétroactes,Faits passés d'une affaire qui ont une influence sur l'état présent de celle-ci.,non,non
réunionisme,"Courant qui, au sein du Mouvement wallon, prône la réunion de la Wallonie, voire de Bruxelles, à la République française.",non,non
réviseur,Expert indépendant chargé de contrôler les comptes annuels des entreprises.,non,oui
salaire-poche,"Salaire perçu par le salarié, après prélèvement des cotisations.",non,non
salukes,Salut.,non,non
sartable,Qualifie un terrain qui est susceptible d’être essarté.,non,non
sartager,"Essarter, sarter.",non,non
savoir,Pouvoir,non,oui
savonnade,Eau savonneuse.,non,oui
scabinal,Relatif à la fonction des échevins.,non,oui
scampi,Grosse crevette cuisinée ou non à la façon des scampi fritti italiens.,non,oui
scheilzat,Saoul.,non,non
schiedam,"Eau-de-vie de grain parfumée au baies de genièvre, équivalent local du gin.",non,non
schlague,"Punition, correction physique.",non,oui
schloek,Gorgée.,non,non
schlouk,Gorgée.,non,non
schmet,Personnage sournois.,non,non
Scott,Essuie-tout.,non,oui
scouter,Regarder (des sportifs) en action pour essayer de détecter de nouveaux talents.,non,non
scribain,"Coffre sur console, au milieu duquel est une espèce de tabernacle intérieurement très orné, où se serraient l’argent, les titres, les parchemins ; le reste est en tiroirs.",non,non
section,Subdivision des communes correspondant aux anciennes communes avant la fusion des communes.,non,oui
septantaine,"ou Nombre d’environ septante, soixante-dix. | ou Âge de septante ans, ou allant de septante à quatre-vingts ans.",non,non
septantaines,Pluriel de septantaine.,non,non
septante,70.,non,oui
septante-cinq,75.,non,non
septante-deux,72.,non,non
septante-et-un,71.,non,oui
septante-huit,78.,non,non
septante-neuf,79.,non,non
septante-quatre,74.,non,non
septante-sept,77.,non,non
septante-six,76.,non,non
septante-trois,"73, soixante-treize.",non,non
septantenaire,Qui a soixante-dix ans.,non,oui
septentenaire,Variante de septantenaire.,non,oui
simoniser,Polir une carrosserie.,non,non
singlet,Maillot de corps.,non,oui
siroperie,Fabrique de sirops.,non,non
sketter,"Casser, fatiguer.",non,non
slache,"Sandale, pantoufle souvent usée.",non,non
slash,"Tong, sandale.",non,oui
smogler,Faire de la contrebande.,non,non
smoutebolle,Beignet.,non,non
sonner,Téléphoner.,non,oui
sorteur,Videur de boite de nuit.,non,oui
sorteux,Terme du métier de filtier. Individu chargé par ses camarades d'aller chercher des provisions pour le déjeuner et le rechenner.,non,oui
sottais,"Nain ou lutin de légendes wallonnes, en particulier en pays minier.",non,oui
souche,Ticket mentionnant les données d’un achat.,non,oui
soumonce,"Journée de fête, préliminaire au carnaval, propre au Hainaut.",non,non
souper,Prendre le repas du soir. Repas du soir.,non,oui
speedgun,Outil de mesure de vitesse utilisé dans certains pays européens.,non,non
sperman,Surnom humoristique des donneurs de sperme du Centre de la Reproduction Humaine,non,non
spiringue,Échine de porc issue de la partie antérieure de la longe.,non,non
spitant,"Qui pétille, qui éclabousse. Plein d’énergie, vif",non,oui
spitter,Éclabousser.,non,oui
spiture,Éclaboussure.,non,oui
splitser,"Diviser, découper en deux.",non,non
splotcher,"Éclabousser, écraser en éclaboussant.",non,non
sploutcher,"Éclabousser, écraser en éclaboussant.",non,non
spotcher,Écraser.,non,oui
sproutcher,Vaporiser un liquide.,non,non
spécial,Demi-baguette dans laquelle on met des frites et une viande cuite à la friture.,non,oui
spéculoos,"Biscuit ou gâteau sec de froment agrémenté de cassonade et parfumé d’épices (en particulier de cannelle), qui était traditionnellement moulée en forme de personnages, d’animaux ou d’objets.",non,non
spépieuse,"Personne méticuleuse à l’extrême, maniaque.",non,oui
spépieux,"Méticuleux à l’extrême, maniaque. | Personne méticuleuse à l’extrême, maniaque.",non,non
stater,"Arrêter, suspendre (les travaux).",non,oui
sterfput,Puisard ; siphon de cour ; coupe-air.,non,non
sterput,Variante orthographique de sterfput.,non,non
stoemp,"Purée de pommes de terre et de légumes mêlés typique de Bruxelles, généralement servie avec une saucisse.",non,oui
stouffer,Fanfaronner.,non,non
stoumper,Pousser.,non,non
streu,Trop étroit pour pouvoir passer facilement.,non,oui
striquer,"Dépasser, être en bataille, en parlant d'un cheveu ou d'une mèche de cheveux.",non,oui
strogner,"Flouer, mais par petites doses, subrepticement, par exemple en rognant sur des quantités, etc.",non,non
stud,Crampon.,non,oui
stuut,"Imprévu, problème. | Truc, machin.",non,non
subside,"Subvention, fonds que l’État accorde à une entreprise pour la soutenir.",non,oui
subsidiation,Subventionnement.,non,non
subsidier,Subventionner.,non,oui
surannable,Qui peut faire l'objet d'une prescription.,non,non
surtaxe,Amende.,non,oui
suédoise,"Alliance politique de majorité parlementaire de 2014, de même couleur que le drapeau suédois, réunissant des partis libéraux de droite ou de centre-droit, le Mouvement réformateur (MR) et Open Vlaamse Liberalen en Democraten (Open VLD) de couleur bleu, le parti démocrate-chrétien Christen-Democratisch en Vlaams (CD&V) de couleur bleu et jaune, et le parti nationaliste flamand conservateur Nieuw-Vlaamse Alliantie (N-VA) de couleur jaune.",non,oui
Suédoise,Variante orthographique de suédoise.,non,oui
syllabus,Photocopies ou imprimés servant de support à un cours d’université.,non,oui
sécheuse,Machine qui sert à sécher le linge.,non,oui
sémaphone,Bipeur.,non,non
séniorie,Maison de retraite.,non,non
s’accaparer,Forme pronominale de accaparer.,non,non
s’astruquer,Avaler de travers.,non,non
tabaquier,"Marchand de tabac, buraliste.",non,non
tablard,"déformation de tablier, blouse blanche portée par les étudiants baptisés et décorée par leurs soins",non,oui
tamponne,Cuite.,non,oui
tantôt,"ou Peu de temps avant ou après, tout à l’heure, jusqu’à maintenant.",non,oui
tape-cul,Trappe permettant d'accéder au grenier ou à la cave d’une maison. On la nomme aussi tape-cou ou clape-cul.,non,oui
tapis-plain,moquette.,non,non
taque,"Couvercle, en métal, de trou d’homme utilisé par la voirie. | Plaque chauffante, de cuisson.",non,oui
tartinière,Planche à tartiner.,non,non
taximan,Chauffeur de taxi.,non,oui
tcheu,"Expression principalement utilisée sous la forme tcheu dis pour exprimer l’étonnement, la surprise.",non,oui
tcholle,Pénis.,non,non
tchop,Nourriture. (Mot originaire du Congo belge),non,oui
tchoper,"Manger, prendre un repas.",non,non
tchouktchouk,Train.,non,oui
tchouler,"Pleurer, chialer.",non,non
tenture,Rideau de fenêtre épais.,non,oui
terne,"lieu pentu, variante de tienne ou de thier. Il fait souvent partie de toponymes.",non,oui
terraqueur,Maître ou héritier du fonds sous lequel on exploite une mine.,non,non
testing,Test comparatif.,non,oui
tichke,"Petit zizi, également utilisé pour nommer affectueusement une personne.",non,non
tienne,"Côte, montée, tertre.",non,oui
tiger-kidnappeur,"Personne qui pratique le tiger-kidnapping, qui enlève une personne afin de forcer un proche à l'aider à commettre un crime.",non,non
tiger-kidnapping,"Enlèvement dans le but de forcer quelqu’un à aider à commettre un crime, généralement précédé par une longue observation de la victime afin de connaître toutes ses habitudes et ses faiblesses.",non,non
tirette,"Dispositif (cordon, languette métallique ou plastique) servant à ouvrir ou à fermer quelque chose (comme des rideaux, un gant, un lavabo, une boîte de conserve, etc.).; Fermeture éclair. | Fait d’alterner le passage des véhicules de deux bandes de circulation lorsque ces bandes fusionnent en une seule.",non,oui
titre-service,"Chèque utilisé en Belgique comme moyen de paiement pour des services de proximité, permettant de bénéficier d’une réduction fiscale sur le montant des titres achetés équivalente à 30 % de la valeur des titres.",non,non
toche,Femme.,non,oui
tof,"Chouette, sympathique. | Onomatopée dont on se sert pour exprimer la satisfaction ; chic.",non,oui
toilette,Appareil sanitaire servant à recueillir et à évacuer les besoins naturels. | (souvent pluriel) Pièce où se trouvent des installations sanitaires pour faire ses besoins naturels.,non,oui
toiturier,Couvreur.,non,non
torchon,Serpillière.,non,oui
touche-touche,Jeu d’enfants où un des participants doit toucher un de ses camarades qui devient chasseur à son tour.,non,oui
training,Survêtement.,non,oui
traitillé,"Série de traits courts formant une ligne (un segment, une droite, une courbe, un cadre, etc.). | Style de traçage d’une ligne de tous types.",non,oui
tribune,Déambulateur.,non,oui
triclée,Grande quantité.,non,non
trinqueballer,Trimballer.,non,non
tute,(Champagne-Ardenne) Sucette en matière souple données aux bébés pour combler leur besoin de succion et les apaiser.,non,oui
tuter,Sucer une tute.,non,oui
tutler,"Boire trop d’alcool, biberonner.",non,non
tutoyer,"Se faire tutoyer : être copieusement engueulé, se faire passer un savon (à mettre en rapport avec le fait que l’on ne tutoie pas en dialectes wallons car c’est considéré comme excessivement familier voire grossier).",non,oui
tutute,Sucette en matière souple données aux bébés pour combler leur besoin de succion et les apaiser.,non,oui
tututte,Petit objet doté d’une pièce en caoutchouc et servant de succédané de biberon afin d’occuper un petit enfant.,non,non
unicycle,"Véhicule composé d’une selle, d’un pédalier et d’une seule roue.",non,oui
unif,Université.,non,non
unionisme,Mouvement politique belge qui réunissait les catholiques et les libéraux.,non,oui
valve,"Dans une université, tableaux officiels d’affichage, protégés par de petites portes vitrées, où sont affichés, par exemple, les horaires de cours ou les résultats d’examens.",non,oui
valves,"Tableau d’affichage, dans le contexte étudiant. | Tableau d’affichage de petites annonces dans un magasin. Portail internet affichant des valves.",non,oui
vareuse,Maillot des équipes de football.,non,oui
variantes,Condiments.,non,oui
ventiler,"Changer les idées, chasser les pensées fixes, nocives ou abrutissantes.",non,oui
vespachienne,Synonyme de canisette.,non,non
vestiairiste,"Employé préposé au vestiaire, lieu de dépôt des vêtements.",non,non
viandeux,"Se dit d’un animal de boucherie bien fourni en viande, en particulier par opposition avec les animaux destinés à la production laitière.",non,oui
vidange,Bouteille consignée ; cadavre de bouteille.,non,oui
vide-poche,"Petit meuble, corbeille, coupe où l’on dépose ce qu’on a dans ses poches.",non,oui
vinculer,Entraver.,non,non
vitoulet,Boulette de viande de veau hachée.,non,non
vlek,"Sans valeur, de mauvaise qualité, fragile, en toc. | Distinction honorifique remise pour service rendu par un cercle ou une régionale ou un ordre.",non,oui
vol-bélier,Technique de cambriolage utilisant une voiture-bélier pour forcer l’entrée dans un établissement.,non,non
voyent,Troisième personne du pluriel de l'indicatif présent de voir. | Troisième personne du pluriel du subjonctif présent de voir.,non,non
vulcaniseur,Marchand de pneus.,non,non
wallingant,Partisan de l’autonomie de la Wallonie (dans le vocabulaire de ses opposants).,non,non
wallingantisme,Activisme politique des wallingants.,non,non
waréchaix,Terrain inculte.,non,non
wasserette,Buanderie ; blanchisserie ; laverie automatique.,non,oui
whist,Whist à la couleur.,non,oui
witloof,Légume de couleur blanche obtenu d’une variété de chicorée.,non,oui
yogourt,Variante de yaourt.,non,oui
zat,Saoul.,non,oui
zieverer,"Personne qui répète toujours la même chose, qui dit sans cesse des bêtises.",non,non
zine,"Lubie, idée ou envie momentanée.",non,oui
Zinneke,"Habitant de Bruxelles, généralement né à Bruxelles.",non,non
zivereer,"Bavard, radoteur. | Maladroit, déconneur.",non,non
zoning,Zone géographique prévue pour un usage industriel.,non,oui
zot,"Sot, idiot.",non,oui
zwanze,Humour typiquement gouailleux de Bruxelles mais aussi un art de vivre bruxellois.,non,oui
zwanzer,Plaisanter.,non,non
zwanzeur,Humoriste bruxellois.,non,non
zwanzeuse,Humoriste bruxelloise.,non,non
zérotage,Système financier consistant à exiger de l'emprunteur qu'il renfloue intégralement sa réserve d'argent dans les 5 ans avant de pouvoir y puiser de nouveau.,non,oui
à-fond,"Fait de boire un verre d’un trait, en particulier un verre de bière.",non,oui
à-foner,Boire un verre cul sec (en une seule fois).,non,non
échasseur,Jouteur sur échasses.,non,non
échevin,"Membre du collège communal à fonction exécutoire présidé par le bourgmestre, chargé d’un domaine de l’administration communale. Il est élu par le conseil communal en son sein, une entité distincte à fonction décisionnelle.",non,oui
échevinable,[En parlant d’une personne] Susceptible de devenir échevin.,non,oui
échevine,Femme membre du collège communal chargée d’un domaine de l’administration communale.,non,oui
écochèque,Crédit d’achat sous forme de chèque pouvant être utilisé pour l’achat de produits respectueux de l’environnement,non,non
écolage,"Temps passé à apprendre à conduire un véhicule, à l’école de conduite par exemple, ou à apprendre son métier (dans le cas de policiers en particulier).",non,oui
écureur,Personne chargée de l’entretien et du nettoyage.,non,oui
écureuse,Femme chargée de l’entretien.,non,oui
élocution,"Présentation orale sans interaction avec le public, dans un contexte scolaire.",non,oui
épluchoir,Outil du vannier pour ôter l'écorce de l'osier.,non,oui
équette,Copeau de bois.,non,non
évitement,Déviation.,non,oui
